{
    "parameters": {
        "base_rating": 1500,
        "k_factor": 20,
        "home_advantage": 50,
        "margin_factor": 0.3,
        "season_carryover": 0.6,
        "max_margin": 120
    },
    "team_ratings": {
        "Carlton": 1504.2368399886295,
        "Essendon": 1480.0569840481942,
        "Geelong": 1676.2810782692748,
        "North Melbourne": 1254.3187271244938,
        "Brisbane Lions": 1678.00771236366,
        "West Coast": 1319.3885775094232,
        "Western Bulldogs": 1616.4039019615814,
        "Richmond": 1448.7436618200604,
        "Melbourne": 1572.1240626580313,
        "St Kilda": 1510.3155301206139,
        "Fitzroy": 1229.9207055242623,
        "Sydney": 1632.9348701649492,
        "Hawthorn": 1553.0411369015465,
        "Collingwood": 1634.2782704989065,
        "Adelaide": 1508.8047416958182,
        "Fremantle": 1535.4870073815728,
        "Port Adelaide": 1597.1686385279847,
        "Gold Coast": 1457.3656086673686,
        "Greater Western Sydney": 1555.1681241305141,
        "University": 1235.9538206431139
    }
}