{
    "parameters": {
        "base_rating": 1500,
        "k_factor": 20,
        "home_advantage": 50,
        "margin_factor": 0.3,
        "season_carryover": 0.6,
        "max_margin": 120
    },
    "team_ratings": {
        "Carlton": 1520.8114398675827,
        "Essendon": 1477.6693603487531,
        "Geelong": 1560.8036263751376,
        "North Melbourne": 1336.4973933167055,
        "Brisbane Lions": 1605.2283559122272,
        "West Coast": 1351.233419796515,
        "Western Bulldogs": 1554.9990169955795,
        "Richmond": 1389.382386423219,
        "Melbourne": 1531.0653558691045,
        "St Kilda": 1501.5421988482997,
        "Fitzroy": 1499.9998825332025,
        "Sydney": 1584.2841176001402,
        "Hawthorn": 1529.247781073886,
        "Collingwood": 1539.1713736085205,
        "Adelaide": 1486.7128639700354,
        "Fremantle": 1505.1053366517378,
        "Port Adelaide": 1527.9699163957205,
        "Gold Coast": 1473.8759363955307,
        "Greater Western Sydney": 1524.4002380181023
    }
}